{
    "metrics/accuracy_top1": 0.9800000190734863,
    "metrics/accuracy_top5": 1.0,
    "fitness": 0.9900000095367432
}